run,python_time_sec,rust_time_sec,mismatches
1,41.19672322800034,0.1726634109945735,0
2,41.349168415996246,0.144753052998567,0
